,height,weight,age,grip_strength,frailty
height,1.0,0.5715249798799161,-0.0325803925319988,-0.16768187528414782,0.04232061754695567
weight,0.5715249798799161,1.0,0.1909258830016867,0.032806754369007395,0.4790358373237467
age,-0.0325803925319988,0.1909258830016867,1.0,0.13375644238747397,-0.10650437944449963
grip_strength,-0.16768187528414782,0.032806754369007395,0.13375644238747397,1.0,-0.4278099933081642
frailty,0.04232061754695567,0.4790358373237467,-0.10650437944449963,-0.4278099933081642,1.0
