,gender,race/ethnicity,parental_level_of_education,lunch,test_preparation_course,math_score,reading_score,writing_score
gender,1.0,-0.0015019243791521083,0.0019130777594254052,0.02137167037777745,-0.006027951742860013,0.1679822381003555,-0.24431260787747228,-0.3012249355007125
race/ethnicity,-0.0015019243791521083,1.0,-0.03194564692573896,0.0465625895477168,-0.017508038014672662,0.21641544829808862,0.14525262214153511,0.16569051050724584
parental_level_of_education,0.0019130777594254052,-0.03194564692573896,1.0,0.006319907050482893,-0.0239683400882349,-0.06827926733518702,-0.07244363663048897,-0.08429931477795898
lunch,0.02137167037777745,0.0465625895477168,0.006319907050482893,1.0,0.01704408518856152,0.350876645591861,0.22956032166228113,0.24576867638421804
test_preparation_course,-0.006027951742860013,-0.017508038014672662,-0.0239683400882349,0.01704408518856152,1.0,-0.17770246930439498,-0.2417804335487515,-0.31294628448595685
math_score,0.1679822381003555,0.21641544829808862,-0.06827926733518702,0.350876645591861,-0.17770246930439498,1.0,0.8175796636720539,0.8026420459498075
reading_score,-0.24431260787747228,0.14525262214153511,-0.07244363663048897,0.22956032166228113,-0.2417804335487515,0.8175796636720539,1.0,0.9545980771462476
writing_score,-0.3012249355007125,0.16569051050724584,-0.08429931477795898,0.24576867638421804,-0.31294628448595685,0.8026420459498075,0.9545980771462476,1.0
