,count,mean,std,min,25%,50%,75%,max,median,std_dev,mode
gender,1000.0,0.482,0.4999259204381489,0.0,0.0,0.0,1.0,1.0,0.0,0.4999259204381489,0
race/ethnicity,1000.0,2.174,1.1571789243946076,0.0,1.0,2.0,3.0,4.0,2.0,1.1571789243946076,2
parental_level_of_education,1000.0,2.486,1.8295221100470829,0.0,1.0,2.0,4.0,5.0,2.0,1.8295221100470827,4
lunch,1000.0,0.645,0.47875275895205255,0.0,0.0,1.0,1.0,1.0,1.0,0.47875275895205255,1
test_preparation_course,1000.0,0.642,0.47965202602101437,0.0,0.0,1.0,1.0,1.0,1.0,0.47965202602101437,1
math_score,1000.0,66.089,15.163080096009468,0.0,57.0,66.0,77.0,100.0,66.0,15.163080096009468,65
reading_score,1000.0,69.169,14.60019193725222,17.0,59.0,70.0,79.0,100.0,70.0,14.60019193725222,72
writing_score,1000.0,68.054,15.195657010869642,10.0,57.75,69.0,79.0,100.0,69.0,15.195657010869642,74
